symbol,date,order_type,side,fees,quantity,average_price
RKT,2021-09-27T15:14:41.592000Z,market,sell,0.02,100.00000000,17.08140000
MSFT,2021-09-23T18:50:09.723000Z,market,buy,0.00,100.00000000,299.95650000
MSFT,2021-09-21T13:46:15.576000Z,market,sell,0.17,100.00000000,296.94660000
MSFT,2021-09-20T14:54:29.329000Z,limit,buy,0.00,100.00000000,294.57080000
MSFT,2021-09-20T13:38:24.219000Z,market,sell,0.17,100.00000000,297.67220000
MSFT,2021-09-20T13:30:03.687000Z,limit,buy,0.00,100.00000000,296.60000000
DISCA,2021-08-09T15:01:12.738000Z,market,sell,0.03,100.00000000,29.18230000
NVDA,2021-08-04T19:36:06.182000Z,market,sell,0.12,100.00000000,202.55000000
NVDA,2021-07-29T13:52:20.938000Z,market,buy,0.00,100.00000000,197.77840000
NVDA,2021-07-20T13:50:17.847000Z,market,buy,0.00,100.00000000,184.85300000
DISCA,2021-07-07T13:54:38.703000Z,market,buy,0.00,100.00000000,29.89870000
DISCA,2021-07-06T15:07:36.950000Z,market,sell,0.03,100.00000000,30.38110000
DISCA,2021-06-30T13:34:08.917000Z,market,buy,0.00,100.00000000,30.21000000
CRSR,2021-06-22T17:28:00.620000Z,limit,sell,0.01,50.00000000,31.70000000
CRSR,2021-06-22T17:21:11.170000Z,limit,buy,0.00,50.00000000,31.50000000
VZ,2021-06-21T13:35:04.029000Z,market,sell,0.04,100.00000000,56.03500000
KR,2021-06-18T17:07:50.437000Z,market,sell,0.03,100.00000000,38.79000000
VZ,2021-06-16T18:13:27.916000Z,limit,buy,0.00,50.00000000,56.79920000
VZ,2021-06-16T16:39:42.140000Z,limit,buy,0.00,50.00000000,57.05000000
CRSR,2021-06-11T14:44:47.321000Z,limit,sell,0.03,100.00000000,31.54000000
CRSR,2021-06-10T15:23:21.446000Z,market,buy,0.00,100.00000000,31.27720000
CRSR,2021-06-09T18:26:10.139000Z,limit,sell,0.01,50.00000000,32.00000000
CRSR,2021-06-09T16:20:20.441000Z,limit,buy,0.00,50.00000000,31.60000000
CRSR,2021-06-08T14:36:50.499000Z,limit,sell,0.01,40.00000000,31.80000000
CRSR,2021-06-08T13:47:45.429000Z,limit,buy,0.00,40.00000000,31.60000000
CRSR,2021-06-07T19:51:27.475000Z,limit,sell,0.01,20.00000000,31.80000000
CRSR,2021-06-07T19:36:53.746000Z,market,buy,0.00,20.00000000,31.54000000
KR,2021-05-27T13:50:40.723000Z,market,sell,0.01,20.00000000,37.03350000
GPRO,2021-05-26T19:45:09.223000Z,market,sell,0.02,100.00000000,11.51340000
KR,2021-05-26T15:05:43.918000Z,market,buy,0.00,20.00000000,36.47900000
PLTR,2021-05-26T13:54:01.685000Z,limit,sell,0.00,20.00000000,22.00000000
PLTR,2021-05-25T18:46:27.694000Z,market,buy,0.00,20.00000000,21.66000000
AAPL,2021-05-17T14:41:45.249000Z,limit,buy,0.00,100.00000000,126.33000000
GPRO,2021-05-14T18:33:43.094000Z,market,buy,0.00,100.00000000,9.84590000
AAPL,2021-05-14T13:59:06.959000Z,limit,buy,0.00,100.00000000,126.30000000
KR,2021-05-11T13:33:41.402000Z,market,buy,0.00,100.00000000,38.96000000
VZ,2021-05-10T13:57:16.624000Z,market,buy,0.00,100.00000000,59.54000000
CLOV,2021-04-28T14:15:14.713000Z,market,sell,0.02,100.00000000,10.14500000
RKT,2021-04-23T19:43:35.711000Z,market,sell,0.03,100.00000000,22.16250000
VZ,2021-04-23T16:51:41.045000Z,limit,sell,0.04,100.00000000,57.40000000
VZ,2021-04-22T18:55:24.428000Z,market,buy,0.00,100.00000000,57.24580000
RKT,2021-04-22T16:08:25.952000Z,market,sell,0.00,5.00000000,22.20000000
VZ,2021-04-22T16:55:31.637000Z,limit,sell,0.04,100.00000000,57.57000000
VZ,2021-04-22T15:45:20.619000Z,market,buy,0.00,100.00000000,57.36760000
KO,2021-04-21T15:09:09.457000Z,market,sell,0.04,100.00000000,54.44000000
RKT,2021-04-21T14:30:26.969000Z,limit,buy,0.00,5.00000000,21.34000000
CRSR,2021-04-15T19:08:06.288000Z,market,sell,0.00,5.00000000,34.05000000
RKT,2021-04-14T15:13:07.049000Z,market,buy,0.00,100.00000000,22.56500000
TSLA,2021-04-12T18:58:13.587731Z,market,sell,0.00,0.01428800,700.58790000
RKT,2021-04-09T14:58:50.745000Z,market,buy,0.00,100.00000000,22.48710000
GOLD,2021-04-07T13:34:49.192000Z,market,sell,0.03,100.00000000,20.67260000
AAPL,2021-04-06T19:38:24.516000Z,limit,buy,0.00,88.00000000,126.39820000
KO,2021-03-29T17:54:48.550000Z,market,buy,0.00,100.00000000,53.74640000
DBX,2021-03-26T17:50:43.314000Z,market,sell,0.03,100.00000000,26.27980000
PLTR,2021-03-22T13:49:56.834000Z,market,buy,0.00,100.00000000,24.35000000
CRSR,2021-03-11T18:48:02.152000Z,market,sell,0.00,1.00000000,33.64000000
CRSR,2021-03-10T19:05:39.737000Z,market,buy,0.00,1.00000000,32.87000000
DBX,2021-03-10T14:35:11.248000Z,market,buy,0.00,100.00000000,24.73780000
GOLD,2021-03-09T14:49:02.956000Z,market,buy,0.00,100.00000000,20.29500000
CRSR,2021-03-08T14:45:22.804000Z,market,sell,0.00,1.00000000,33.38000000
CRSR,2021-03-04T19:16:43.781000Z,market,buy,0.00,1.00000000,31.78000000
TSLA,2021-03-02T18:36:54.513000Z,market,buy,0.00,0.01428800,699.88800000
CRSR,2021-03-02T15:26:36.753000Z,limit,sell,0.00,5.00000000,37.00000000
AAPL,2021-03-02T15:17:30.505000Z,market,sell,0.00,2.00000000,126.81000000
TSLA,2021-03-01T19:54:10.909968Z,market,sell,0.00,0.14634400,712.84100000
CRSR,2021-02-26T16:59:56.598000Z,market,buy,0.00,5.00000000,36.76800000
TSLA,2021-02-25T20:58:43.663216Z,market,buy,0.00,0.14634400,683.32150000
AAPL,2021-02-25T20:41:58.866000Z,market,buy,0.00,1.00000000,120.76000000
CRSR,2021-02-24T15:36:56.714000Z,market,buy,0.00,5.00000000,38.97000000
AAPL,2021-02-23T15:31:50.506000Z,market,buy,0.00,1.00000000,122.73000000
MARA,2021-02-22T18:14:08.456000Z,market,sell,0.10,100.00000000,37.35000000
MARA,2021-02-22T18:10:07.487000Z,market,sell,0.10,100.00000000,37.53610000
AAPL,2021-02-22T17:41:41.857000Z,market,buy,0.00,1.00000000,127.06000000
PLTR,2021-02-22T15:34:45.665000Z,market,buy,0.00,100.00000000,28.76000000
CRSR,2021-02-22T14:59:20.833000Z,limit,buy,0.00,100.00000000,40.95580000
RKT,2021-02-22T14:52:44.210000Z,market,sell,0.06,100.00000000,20.50110000
RKT,2021-02-19T16:20:28.874000Z,market,buy,0.00,100.00000000,20.43890000
MARA,2021-02-19T14:49:25.848000Z,market,sell,0.03,25.00000000,43.76000000
VZ,2021-02-17T19:38:34.970000Z,limit,buy,0.00,100.00000000,56.77750000
MARA,2021-02-11T21:40:10.408000Z,market,buy,0.00,5.00000000,37.35000000
SFT,2021-02-10T20:33:59.043000Z,market,sell,0.04,100.00000000,10.10000000
RKT,2021-02-05T17:17:18.636000Z,market,buy,0.00,100.00000000,21.46890000
NOK,2021-02-05T14:31:57.221000Z,market,sell,0.01,100.00000000,4.32000000
MARA,2021-02-03T21:22:01.552000Z,market,buy,0.00,20.00000000,23.70000000
BB,2021-02-02T15:41:58.625000Z,market,sell,0.04,100.00000000,11.36030000
NOK,2021-02-01T15:20:09.711000Z,market,buy,0.00,50.00000000,4.75000000
BB,2021-02-01T14:06:10.996000Z,market,buy,0.00,15.00000000,14.75000000
BB,2021-02-01T14:05:51.148000Z,market,buy,0.00,5.00000000,14.74000000
MARA,2021-01-29T18:14:04.486000Z,market,buy,0.00,1.00000000,20.34000000
MARA,2021-01-29T18:11:44.537000Z,market,buy,0.00,9.00000000,20.84000000
AAPL,2021-01-29T16:29:11.610000Z,market,buy,0.00,1.00000000,132.11000000
MARA,2021-01-29T14:19:36.029000Z,market,buy,0.00,10.00000000,24.20000000
MARA,2021-01-29T14:16:16.283000Z,market,buy,0.00,20.00000000,24.09000000
AAPL,2021-01-28T20:30:55.836000Z,market,buy,0.00,10.00000000,138.47000000
BB,2021-01-27T21:46:39.233000Z,market,buy,0.00,10.00000000,23.50000000
SFT,2021-01-27T20:08:17.520000Z,market,buy,0.00,100.00000000,8.59190000
NOK,2021-01-27T19:33:51.393000Z,market,buy,0.00,10.00000000,6.87000000
NOK,2021-01-27T17:22:37.259000Z,market,buy,0.00,20.00000000,6.55800000
NOK,2021-01-27T17:16:45.129000Z,market,buy,0.00,20.00000000,6.71000000
BB,2021-01-27T17:11:06.665000Z,market,buy,0.00,10.00000000,21.90000000
BB,2021-01-27T16:21:15.312000Z,market,buy,0.00,10.00000000,21.81000000
BB,2021-01-27T16:04:08.377000Z,market,buy,0.00,5.00000000,21.97000000
BB,2021-01-27T16:02:54.282000Z,market,buy,0.00,20.00000000,21.72650000
BB,2021-01-27T15:59:46.138000Z,market,buy,0.00,2.00000000,22.21000000
BB,2021-01-27T15:52:04.906000Z,market,buy,0.00,3.00000000,21.73000000
BB,2021-01-27T15:47:26.563000Z,market,buy,0.00,10.00000000,21.63900000
BB,2021-01-27T15:42:49.943000Z,market,buy,0.00,10.00000000,21.75500000
CRM,2021-01-27T15:42:20.141224Z,market,sell,0.00,1.08934100,226.51310000
AMC,2021-01-26T18:44:57.229000Z,market,sell,0.00,8.00000000,4.67130000
AMC,2021-01-26T18:37:31.977000Z,market,buy,0.00,8.00000000,4.64000000
T,2021-01-26T15:37:27.236000Z,market,sell,0.00,10.00000000,29.37000000
MARA,2021-01-25T15:44:40.862000Z,market,buy,0.00,10.00000000,18.66000000
MARA,2021-01-22T17:24:22.131000Z,market,buy,0.00,20.00000000,18.24000000
T,2021-01-21T18:38:12.823000Z,market,buy,0.00,8.00000000,28.94500000
MARA,2021-01-21T16:47:05.563000Z,market,buy,0.00,2.00000000,16.88000000
MARA,2021-01-21T16:46:47.138000Z,market,buy,0.00,10.00000000,16.90000000
MARA,2021-01-21T16:34:52.696000Z,market,buy,0.00,10.00000000,17.13000000
MARA,2021-01-21T16:24:51.115000Z,market,buy,0.00,8.00000000,16.93500000
MARA,2021-01-19T15:44:36.349000Z,market,buy,0.00,50.00000000,22.37000000
MARA,2021-01-19T15:42:04.984000Z,market,buy,0.00,20.00000000,22.39000000
MARA,2021-01-15T16:40:38.589000Z,market,buy,0.00,20.00000000,22.89000000
MARA,2021-01-14T20:19:04.955000Z,limit,buy,0.00,10.00000000,24.80000000
MARA,2021-01-05T18:27:06.260000Z,market,sell,0.04,70.00000000,13.78270000
MARA,2021-01-04T15:08:16.825000Z,limit,buy,0.00,10.00000000,11.00000000
MARA,2020-12-31T17:49:17.206000Z,market,buy,0.00,5.00000000,10.05000000
MARA,2020-12-31T16:42:06.365000Z,market,buy,0.00,5.00000000,10.40000000
MARA,2020-12-30T20:19:27.599000Z,limit,buy,0.00,5.00000000,11.50000000
MARA,2020-12-30T20:10:45.865000Z,limit,buy,0.00,20.00000000,12.00000000
MARA,2020-12-29T15:08:18.523000Z,market,buy,0.00,2.00000000,11.53500000
MARA,2020-12-28T18:50:40.391000Z,limit,buy,0.00,5.00000000,12.80000000
MARA,2020-12-28T18:00:09.755000Z,market,buy,0.00,18.00000000,12.84000000
MARA,2020-12-28T14:31:05.057000Z,market,sell,0.04,80.00000000,13.45000000
MARA,2020-12-23T20:44:26.410000Z,limit,buy,0.00,5.00000000,11.50000000
MARA,2020-12-23T20:07:18.191000Z,limit,buy,0.00,5.00000000,12.00000000
MARA,2020-12-23T18:33:09.637000Z,limit,buy,0.00,5.00000000,12.75000000
MARA,2020-12-23T15:34:49.188000Z,limit,buy,0.00,5.00000000,12.75000000
MARA,2020-12-23T18:43:46.060000Z,limit,buy,0.00,10.00000000,12.50000000
MARA,2020-12-22T18:29:33.869000Z,market,buy,0.00,30.00000000,13.17000000
MARA,2020-12-22T18:28:57.765000Z,market,buy,0.00,20.00000000,13.24000000
MARA,2020-12-22T18:05:16.973000Z,market,buy,0.00,50.00000000,13.07000000
MARA,2020-12-22T17:43:27.104000Z,market,buy,0.00,20.00000000,12.68000000
MARA,2020-12-22T17:43:06.238000Z,market,buy,0.00,2.00000000,12.69000000
MARA,2020-12-22T17:42:48.659000Z,market,buy,0.00,10.00000000,12.63800000
MARA,2020-12-22T17:40:41.663000Z,market,buy,0.00,18.00000000,12.63000000
TTCF,2020-12-16T16:59:12.755000Z,market,sell,0.00,20.00000000,19.05000000
TTCF,2020-12-16T16:44:26.505000Z,market,buy,0.00,20.00000000,18.72900000
DBX,2020-12-16T16:58:14.137000Z,limit,sell,0.02,30.00000000,24.00000000
DBX,2020-12-15T17:12:21.769000Z,market,buy,0.00,1.00000000,22.88000000
PSTH,2020-12-14T15:58:26.953000Z,market,sell,0.00,4.00000000,25.81250000
MARA,2020-12-14T14:32:21.608000Z,market,buy,0.00,100.00000000,5.34860000
BYND,2020-12-14T14:25:27.967000Z,limit,sell,0.00,2.00000000,140.02000000
RIOT,2020-12-14T14:24:46.305000Z,limit,sell,0.04,100.00000000,9.35020000
BYND,2020-12-11T17:21:18.376000Z,limit,buy,0.00,2.00000000,138.00000000
BYND,2020-12-11T15:02:37.184000Z,market,sell,0.00,2.00000000,138.90000000
BYND,2020-12-09T20:26:47.968000Z,market,buy,0.00,2.00000000,137.28000000
DBX,2020-12-09T19:11:28.164000Z,market,buy,0.00,2.00000000,20.96500000
DBX,2020-12-09T17:19:05.681000Z,market,buy,0.00,2.00000000,21.06000000
BYND,2020-12-08T14:45:19.677056Z,market,sell,0.00,0.14635300,139.73070000
BYND,2020-12-08T14:44:33.324000Z,limit,sell,0.00,3.00000000,140.00000000
PSTH,2020-12-07T16:50:13.050000Z,market,buy,0.00,4.00000000,26.45000000
BYND,2020-12-07T15:04:00.041110Z,market,buy,0.00,0.14635300,136.65590000
BYND,2020-12-07T14:30:01.448000Z,market,buy,0.00,3.00000000,138.82000000
DBX,2020-12-04T19:30:47.743000Z,market,buy,0.00,5.00000000,20.22800000
DBX,2020-12-03T20:22:15.607000Z,market,buy,0.00,20.00000000,20.38000000
TSLA,2020-12-03T16:10:59.897762Z,market,sell,0.00,0.32213500,585.53090000
CRM,2020-12-03T15:10:45.750788Z,market,buy,0.00,0.08934100,223.86140000
O,2020-12-03T14:55:58.225000Z,limit,sell,0.00,2.00000000,61.15000000
DBX,2020-12-02T14:58:29.828000Z,limit,buy,0.00,20.00000000,19.89800000
DBX,2020-12-02T14:50:08.181000Z,limit,buy,0.00,10.00000000,19.80000000
DBX,2020-12-02T14:46:58.976000Z,limit,buy,0.00,10.00000000,19.80000000
DBX,2020-12-02T14:44:11.424000Z,limit,buy,0.00,20.00000000,19.85000000
DBX,2020-12-02T14:36:07.255000Z,limit,buy,0.00,10.00000000,19.85000000
DBX,2020-12-02T14:31:59.782000Z,limit,buy,0.00,10.00000000,19.90000000
CRM,2020-12-01T19:53:15.173000Z,market,buy,0.00,1.00000000,241.85000000
DBX,2020-12-01T15:28:33.610000Z,limit,buy,0.00,10.00000000,19.95000000
DBX,2020-12-01T14:33:10.945000Z,limit,buy,0.00,10.00000000,19.95000000
O,2020-11-30T16:16:07.780000Z,limit,buy,0.00,2.00000000,60.90000000
DBX,2020-11-25T18:17:53.174000Z,market,sell,0.04,60.00000000,18.76500000
AAPL,2020-11-25T15:52:45.636000Z,limit,sell,0.00,2.00000000,116.50000000
DBX,2020-11-25T15:21:59.493000Z,limit,buy,0.00,10.00000000,18.42500000
DBX,2020-11-24T21:11:58.120000Z,limit,buy,0.00,50.00000000,18.55000000
WFC,2020-11-24T19:13:32.252000Z,market,sell,0.00,4.00000000,28.42250000
AAPL,2020-11-23T19:36:53.776000Z,market,buy,0.00,2.00000000,114.36000000
O,2020-11-23T15:57:00.524000Z,market,sell,0.00,3.00000000,61.89000000
O,2020-11-20T15:37:58.595000Z,market,buy,0.00,1.00000000,60.43000000
DBX,2020-11-19T15:50:35.983000Z,limit,sell,0.04,65.00000000,18.85000000
O,2020-11-19T15:14:36.969000Z,market,buy,0.00,1.00000000,60.50000000
O,2020-11-19T14:33:20.187000Z,market,buy,0.00,1.00000000,60.46000000
DBX,2020-11-17T16:16:26.223000Z,limit,buy,0.00,5.00000000,18.50000000
O,2020-11-17T15:06:07.621343Z,market,sell,0.00,0.07529400,62.42200000
DBX,2020-11-17T14:32:36.497000Z,limit,buy,0.00,10.00000000,18.50000000
DBX,2020-11-16T21:29:32.845000Z,limit,buy,0.00,5.00000000,18.75000000
DBX,2020-11-16T19:51:12.301000Z,limit,buy,0.00,5.00000000,18.64600000
DBX,2020-11-16T19:12:41.770000Z,limit,buy,0.00,5.00000000,18.70000000
DBX,2020-11-16T19:02:49.370000Z,limit,buy,0.00,5.00000000,18.75000000
DBX,2020-11-16T18:28:55.359000Z,limit,buy,0.00,10.00000000,18.80000000
DBX,2020-11-16T17:22:28.929000Z,limit,buy,0.00,20.00000000,18.88000000
O,2020-11-16T16:27:47.539000Z,market,sell,0.00,1.00000000,64.62000000
TSLA,2020-11-13T19:01:26.659824Z,market,buy,0.00,0.01239300,403.45360000
TSLA,2020-11-13T15:20:59.948922Z,market,buy,0.00,0.01238800,403.61640000
DBX,2020-11-13T14:36:10.269000Z,limit,sell,0.00,20.00000000,18.90000000
DBX,2020-11-12T20:45:13.468000Z,limit,buy,0.00,20.00000000,18.75000000
TSLA,2020-11-10T20:53:39.931677Z,market,buy,0.00,0.01221000,409.50040000
DBX,2020-11-10T15:56:08.965000Z,limit,sell,0.00,20.00000000,18.25000000
DBX,2020-11-10T15:49:33.463000Z,limit,buy,0.00,20.00000000,18.09850000
TSLA,2020-11-10T14:50:46.378469Z,market,buy,0.00,0.01209400,413.42810000
BAC,2020-11-09T14:14:43.766000Z,market,sell,0.00,7.00000000,26.82000000
WYNN,2020-11-03T14:34:38.304547Z,market,sell,0.00,0.41285800,76.75760000
TSLA,2020-10-30T14:46:31.030859Z,market,buy,0.00,0.01300900,384.34930000
TSLA,2020-10-30T14:30:34.821367Z,market,buy,0.00,0.01285000,389.10510000
TSLA,2020-10-30T14:05:27.611026Z,market,buy,0.00,0.01261000,396.51070000
TSLA,2020-10-28T20:30:49.051686Z,market,buy,0.00,0.01235700,404.62900000
TSLA,2020-10-26T17:07:53.696389Z,market,buy,0.00,0.01211200,412.81370000
TSLA,2020-10-23T15:46:30.996599Z,market,buy,0.00,0.01217400,410.71140000
TSLA,2020-10-23T13:47:04.529148Z,market,buy,0.00,0.01204800,415.00660000
TSLA,2020-10-20T13:56:21.764482Z,market,buy,0.00,0.02362800,423.22670000
TSLA,2020-10-19T19:06:55.700512Z,market,buy,0.00,0.02311000,432.71310000
TSLA,2020-10-15T20:07:18.607238Z,market,buy,0.00,0.02227600,448.91360000
DBX,2020-10-15T15:57:15.023000Z,limit,sell,0.00,10.00000000,20.05000000
TSLA,2020-10-15T14:59:06.270146Z,market,buy,0.00,0.02241600,446.10990000
DBX,2020-10-14T16:41:27.095000Z,limit,buy,0.00,10.00000000,19.77700000
O,2020-10-14T14:23:58.174477Z,market,buy,0.00,0.08178600,61.13520000
O,2020-10-14T14:23:36.179812Z,market,buy,0.00,0.67831900,61.18070000
WYNN,2020-10-09T17:37:35.759744Z,market,buy,0.00,0.13619500,73.42410000
O,2020-10-09T17:41:51.386864Z,market,buy,0.00,0.15743600,63.51790000
O,2020-10-08T20:13:48.153633Z,market,buy,0.00,0.15775300,63.39020000
TSLA,2020-10-06T16:02:26.320295Z,market,buy,0.00,0.02394900,417.55400000
TSLA,2020-10-02T16:05:41.807494Z,market,buy,0.00,0.02372000,421.58520000
TSLA,2020-10-02T13:35:41.205533Z,market,buy,0.00,0.04679100,427.43260000
WYNN,2020-10-01T14:32:22.945058Z,market,buy,0.00,0.27666300,72.29010000
DAL,2020-08-28T15:39:20.919592Z,market,sell,0.00,0.18871400,31.68820000
LUV,2020-08-24T15:12:36.866000Z,market,sell,0.00,2.00000000,36.57000000
DAL,2020-08-27T13:49:54.346000Z,limit,sell,0.00,4.00000000,32.00000000
TSLA,2020-07-02T14:38:40.459900Z,market,sell,0.00,0.04066900,1197.47230000
OGEN,2020-07-01T14:06:08.922000Z,market,sell,0.01,100.00000000,0.82480000
OGEN,2020-06-30T16:52:35.747000Z,market,buy,0.00,100.00000000,0.69000000
NAT,2020-06-30T14:24:32.741000Z,market,sell,0.04,134.00000000,4.05130000
FL,2020-06-30T14:16:18.239000Z,market,sell,0.00,2.00000000,29.15000000
MSFT,2020-06-30T13:46:35.966000Z,market,sell,0.00,1.00000000,199.78000000
CPLP,2020-06-29T13:57:44.034000Z,limit,sell,0.00,40.00000000,8.40000000
UPWK,2020-06-26T18:44:51.793000Z,market,sell,0.00,7.00000000,14.31140000
UPWK,2020-06-25T18:38:05.229000Z,limit,buy,0.00,3.00000000,13.80000000
UPWK,2020-06-25T17:44:27.937000Z,limit,buy,0.00,1.00000000,14.00000000
DAL,2020-06-25T13:30:00.934166Z,market,buy,0.00,0.18871400,26.49510000
TSLA,2020-06-24T20:34:49.320071Z,market,buy,0.00,0.01040100,961.44600000
TSLA,2020-06-24T16:40:10.030315Z,market,buy,0.00,0.01037800,963.57680000
NAT,2020-06-24T15:02:27.028000Z,limit,buy,0.00,5.00000000,4.16000000
EVOK,2020-06-24T14:45:08.308000Z,market,sell,0.00,5.00000000,3.37200000
NAT,2020-06-24T14:26:36.766000Z,limit,buy,0.00,5.00000000,4.14800000
UPWK,2020-06-23T13:44:33.774000Z,market,buy,0.00,2.00000000,13.86000000
KO,2020-06-23T13:44:02.367000Z,market,sell,0.00,2.00000000,46.04000000
UPWK,2020-06-23T13:30:01.576000Z,market,buy,0.00,1.00000000,13.75000000
EVOK,2020-06-22T17:23:50.155000Z,market,buy,0.00,5.00000000,3.87000000
KO,2020-06-22T16:50:29.602000Z,market,buy,0.00,2.00000000,45.69000000
MSFT,2020-06-19T15:47:14.357000Z,market,buy,0.00,1.00000000,197.38000000
ROKU,2020-06-18T15:05:55.051000Z,limit,sell,0.00,1.00000000,124.00000000
FL,2020-06-18T13:30:00.820000Z,market,buy,0.00,2.00000000,28.57000000
DKNG,2020-06-18T13:30:01.405000Z,market,sell,0.00,2.00000000,39.95000000
WFC,2020-06-17T20:41:46.832000Z,market,buy,0.00,2.00000000,27.51000000
WFC,2020-06-17T19:20:47.314000Z,market,buy,0.00,2.00000000,27.56500000
LUV,2020-06-17T16:45:19.996000Z,market,buy,0.00,1.00000000,36.03000000
LUV,2020-06-16T21:12:41.306000Z,market,buy,0.00,1.00000000,35.71000000
ROKU,2020-06-16T20:32:41.079000Z,market,buy,0.00,1.00000000,122.35000000
MMM,2020-06-15T16:53:04.982000Z,market,sell,0.00,2.00000000,157.04000000
CCL,2020-06-11T17:35:18.510000Z,market,sell,0.00,9.00000000,17.89000000
TSLA,2020-06-11T16:02:15.176597Z,market,buy,0.00,0.01003300,996.71090000
TSLA,2020-06-10T16:11:44.114564Z,market,buy,0.00,0.00985700,1014.50750000
PINS,2020-06-10T13:30:44.989102Z,market,sell,0.00,22.76270000,21.82430000
NAT,2020-06-08T20:15:00.714000Z,limit,sell,0.00,10.00000000,5.35000000
PINS,2020-06-01T17:41:41.375264Z,market,buy,0.00,9.76270000,20.48610000
DKNG,2020-06-01T13:56:28.319000Z,market,buy,0.00,2.00000000,41.87000000
PINS,2020-05-27T21:43:11.924000Z,limit,buy,0.00,10.00000000,19.15000000
PINS,2020-05-27T21:32:54.454000Z,limit,buy,0.00,3.00000000,19.13000000
T,2020-05-27T18:23:42.671000Z,market,buy,0.00,1.00000000,31.82000000
NAT,2020-05-26T20:43:20.992000Z,limit,buy,0.00,2.00000000,4.41000000
CCL,2020-05-26T19:16:57.089000Z,limit,sell,0.00,1.00000000,16.38000000
CCL,2020-05-26T18:02:31.804000Z,limit,sell,0.00,2.00000000,16.38000000
NAT,2020-05-26T13:14:50.822000Z,limit,buy,0.00,2.00000000,4.55000000
UBER,2020-05-07T21:24:36.542000Z,limit,sell,0.00,1.00000000,33.30000000
SQ,2020-05-05T14:04:51.279000Z,market,sell,0.00,1.00000000,66.63000000
NAT,2020-05-05T13:59:17.829000Z,market,buy,0.00,10.00000000,5.74800000
KO,2020-05-04T18:21:53.966000Z,market,sell,0.00,10.00000000,45.00200000
NAT,2020-05-04T14:21:58.130000Z,market,buy,0.00,10.00000000,5.91000000
KO,2020-05-04T14:12:29.353000Z,market,buy,0.00,10.00000000,44.79800000
T,2020-05-01T18:22:15.854000Z,market,buy,0.00,1.00000000,29.98000000
KO,2020-05-01T14:39:26.898000Z,market,sell,0.03,20.00000000,46.31200000
KO,2020-04-30T17:54:49.775000Z,market,buy,0.00,10.00000000,45.77500000
UBER,2020-04-30T17:53:37.143000Z,market,buy,0.00,1.00000000,29.82000000
BAC,2020-04-30T14:15:55.124000Z,market,buy,0.00,2.00000000,24.24000000
CCL,2020-04-30T13:55:29.009000Z,market,buy,0.00,2.00000000,16.13000000
KO,2020-04-30T13:54:33.836000Z,market,buy,0.00,10.00000000,46.06000000
SQ,2020-04-29T20:44:34.014000Z,market,buy,0.00,1.00000000,66.46000000
BAC,2020-04-29T20:27:50.712000Z,market,buy,0.00,2.00000000,24.87000000
DAL,2020-04-29T20:27:05.687000Z,market,buy,0.00,2.00000000,27.80000000
MSFT,2020-04-29T20:12:47.154000Z,market,sell,0.00,1.00000000,179.61000000
CCL,2020-04-29T18:42:35.553000Z,market,buy,0.00,9.00000000,16.42890000
CCL,2020-04-29T18:41:54.571000Z,market,buy,0.00,1.00000000,16.40000000
NAT,2020-04-29T18:24:21.055000Z,market,buy,0.00,10.00000000,6.25800000
MMM,2020-04-29T17:38:51.151000Z,market,buy,0.00,2.00000000,156.24000000
NAT,2020-04-29T14:02:42.943000Z,market,buy,0.00,20.00000000,6.35750000
NAT,2020-04-29T13:31:02.975000Z,market,buy,0.00,10.00000000,6.57000000
NAT,2020-04-29T13:29:11.578000Z,limit,buy,0.00,20.00000000,6.97000000
NAT,2020-04-28T14:40:49.324000Z,market,buy,0.00,10.00000000,7.85000000
NAT,2020-04-28T13:17:00.643000Z,limit,buy,0.00,10.00000000,7.90000000
DAL,2020-04-27T21:05:19.968000Z,market,buy,0.00,1.00000000,22.33000000
KO,2020-04-27T19:42:40.326000Z,market,sell,0.00,5.00000000,46.90200000
CPLP,2020-04-27T18:21:04.285000Z,market,buy,0.00,10.00000000,10.03700000
MSFT,2020-04-27T18:19:42.369000Z,market,buy,0.00,1.00000000,174.30000000
HD,2020-04-27T14:24:18.790000Z,market,sell,0.00,2.00000000,217.06000000
HD,2020-04-27T14:18:19.850000Z,market,buy,0.00,2.00000000,217.09500000
CPLP,2020-04-24T14:06:19.518000Z,market,buy,0.00,10.00000000,10.20200000
NAT,2020-04-24T14:05:37.708000Z,market,sell,0.00,10.00000000,5.70200000
KO,2020-04-23T18:54:17.426000Z,market,buy,0.00,5.00000000,45.50000000
AAPL,2020-04-23T14:03:32.986000Z,market,sell,0.00,1.00000000,278.99000000
DOCU,2020-04-23T14:03:14.585000Z,market,sell,0.00,1.00000000,103.45000000
CPLP,2020-04-23T14:00:05.645000Z,market,buy,0.00,20.00000000,9.14000000
MSFT,2020-04-23T13:50:38.470000Z,market,sell,0.00,2.00000000,174.37500000
NAT,2020-04-23T13:16:06.984000Z,limit,sell,0.00,20.00000000,5.86000000
NAT,2020-04-22T21:55:51.636000Z,limit,buy,0.00,10.00000000,6.25000000
NAT,2020-04-22T21:47:38.212000Z,limit,buy,0.00,10.00000000,5.99000000
NAT,2020-04-22T20:58:18.805000Z,limit,buy,0.00,20.00000000,5.48000000
NAT,2020-04-22T20:56:42.585000Z,limit,buy,0.00,20.00000000,5.46000000
DOCU,2020-04-22T18:52:11.950000Z,market,buy,0.00,1.00000000,102.22000000
MSFT,2020-04-22T18:49:59.908000Z,market,buy,0.00,2.00000000,173.46000000
AAPL,2020-04-22T18:48:52.100000Z,market,buy,0.00,1.00000000,276.72000000
NFLX,2020-04-21T20:07:07.407000Z,market,sell,0.03,2.00000000,456.55000000
BAC,2020-04-21T15:31:14.065000Z,market,buy,0.00,1.00000000,21.82000000
NFLX,2020-04-21T14:28:11.527000Z,market,buy,0.00,2.00000000,436.54500000
KO,2020-04-17T13:16:36.212000Z,market,sell,0.00,5.00000000,48.10000000
KO,2020-04-17T13:16:12.324000Z,market,sell,0.00,10.00000000,48.20000000
KO,2020-04-16T21:54:30.526000Z,market,buy,0.00,5.00000000,48.29000000
AMZN,2020-04-16T21:28:07.957000Z,market,sell,0.06,1.00000000,2385.00000000
AMZN,2020-04-16T21:17:09.628000Z,market,buy,0.00,1.00000000,2433.00000000
KR,2020-04-16T20:00:11.019000Z,limit,sell,0.00,2.00000000,32.20000000
ZM,2020-04-16T21:06:06.659000Z,limit,sell,0.00,1.00000000,151.00000000
ZM,2020-04-16T19:04:34.448000Z,market,buy,0.00,1.00000000,149.46000000
KR,2020-04-16T18:58:17.597000Z,market,buy,0.00,2.00000000,31.97500000
MSFT,2020-04-15T18:30:09.885000Z,market,sell,0.00,2.00000000,172.87000000
MSFT,2020-04-14T13:58:56.204000Z,market,buy,0.00,2.00000000,170.52000000
KO,2020-04-13T19:34:35.350000Z,market,buy,0.00,10.00000000,46.94000000
SQ,2020-04-08T15:16:04.928000Z,limit,sell,0.02,10.00000000,56.00000000
MSFT,2020-04-07T13:39:47.901000Z,market,sell,0.00,2.00000000,166.89000000
MSFT,2020-04-01T20:05:49.982000Z,market,buy,0.00,2.00000000,152.35000000
SQ,2020-03-30T13:36:33.172000Z,market,buy,0.00,10.00000000,53.13000000
WORK,2020-03-12T18:16:51.015000Z,market,sell,0.00,2.00000000,23.17000000
WORK,2020-03-12T13:30:00.614000Z,market,buy,0.00,2.00000000,21.74000000
DAL,2020-03-03T14:27:12.840000Z,market,buy,0.00,1.00000000,49.59000000
GPRO,2020-03-03T14:10:52.745000Z,market,sell,0.00,1.00000000,3.74000000
BAC,2020-03-03T14:30:13.888000Z,market,buy,0.00,2.00000000,29.39000000
SQ,2020-03-02T14:30:59.063000Z,market,sell,0.00,1.00000000,83.01000000
SQ,2020-02-25T14:04:13.389000Z,market,buy,0.00,1.00000000,80.60000000
